kernel,height,width,tile_size,total_time,hw_time,pack_time,unpack_time,tiles,speedup_vs_hw,speedup_vs_sw,overhead_time,compute_ratio,overhead_ratio
Sobel X,64,64,32,0.01682758331298828,0.0034656524658203125,0.004622936248779297,0.000347137451171875,9,0.1134032303768773,16.55381127798243,0.013361930847167969,0.2059506942476622,0.7940493057523378
Sobel Y,64,64,32,0.016240596771240234,0.0033364295959472656,0.004500865936279297,0.0003132820129394531,9,0.11362635426759447,17.182154496608828,0.012904167175292969,0.20543762294841306,0.7945623770515869
Gaussian,64,64,32,0.01632404327392578,0.003303050994873047,0.004625797271728516,0.0003151893615722656,9,0.11555763276275048,17.26497049716656,0.013020992279052734,0.20234270023952797,0.7976572997604721
Sobel X,128,128,32,0.045526981353759766,0.009445667266845703,0.01254415512084961,0.0009469985961914062,25,0.047257454674947894,25.119903222765693,0.03608131408691406,0.20747405134220806,0.7925259486577919
Sobel Y,128,128,32,0.04462385177612305,0.00919342041015625,0.012462139129638672,0.0009489059448242188,25,0.04682474381030743,25.58991483495934,0.0354304313659668,0.20602032420418237,0.7939796757958176
Gaussian,128,128,32,0.04468965530395508,0.009200096130371094,0.012633323669433594,0.0009179115295410156,25,0.04778011331505212,25.83297233277494,0.035489559173583984,0.20586634799031167,0.7941336520096883
Sobel X,128,128,64,0.01704120635986328,0.003487110137939453,0.004778385162353516,0.0004253387451171875,9,0.12625216856007612,67.109883037663,0.013554096221923828,0.20462812692372265,0.7953718730762773
Sobel Y,128,128,64,0.016761302947998047,0.0033006668090820312,0.004839897155761719,0.0004248619079589844,9,0.12466217177320701,68.12838895052772,0.013460636138916016,0.19692185144092628,0.8030781485590737
Gaussian,128,128,64,0.016753196716308594,0.003360748291015625,0.004608631134033203,0.00042629241943359375,9,0.12745488700404167,68.91022940741162,0.013392448425292969,0.20060340410997893,0.7993965958900211
Sobel X,256,256,32,0.17827272415161133,0.037181854248046875,0.049681663513183594,0.003830432891845703,100,0.017824615837267462,26.154290987388496,0.14109086990356445,0.20856726358444894,0.7914327364155511
Sobel Y,256,256,32,0.17618989944458008,0.03660297393798828,0.04962873458862305,0.0036954879760742188,100,0.017924367450885933,26.37928318768488,0.1395869255065918,0.20774728888191243,0.7922527111180876
Gaussian,256,256,32,0.17711305618286133,0.037007808685302734,0.0504155158996582,0.0037288665771484375,100,0.01765055878179914,26.51454232661072,0.1401052474975586,0.20895020097837294,0.7910497990216271
Sobel X,256,256,64,0.0462493896484375,0.009472370147705078,0.012980937957763672,0.0013709068298339844,25,0.0687066974595843,100.81423210161662,0.03677701950073242,0.20481070603761134,0.7951892939623887
Sobel Y,256,256,64,0.04597902297973633,0.009319305419921875,0.013033390045166016,0.0013380050659179688,25,0.06868550687062484,101.08442831215972,0.03665971755981445,0.20268602540834846,0.7973139745916515
Gaussian,256,256,64,0.04599475860595703,0.009408950805664062,0.013156414031982422,0.0013346672058105469,25,0.06796740550291319,102.10014721433163,0.03658580780029297,0.2045657177217027,0.7954342822782973
Sobel X,256,256,128,0.01838397979736328,0.0040493011474609375,0.005005836486816406,0.0007772445678710938,9,0.17284847227265654,253.622814753333,0.014334678649902344,0.2202624889765005,0.7797375110234995
Sobel Y,256,256,128,0.017968177795410156,0.004014015197753906,0.004948139190673828,0.0007719993591308594,9,0.17576030996231623,258.6663659041452,0.01395416259765625,0.22339578578631708,0.776604214213683
Gaussian,256,256,128,0.017993927001953125,0.0038356781005859375,0.0051822662353515625,0.0007700920104980469,9,0.17373330506677973,260.9809200763197,0.014158248901367188,0.21316514733941064,0.7868348526605894
Sobel X,512,512,32,0.6420273780822754,0.13408231735229492,0.18131494522094727,0.013641357421875,361,0.01215437278905906,29.297185369596168,0.5079450607299805,0.20884205554099028,0.7911579444590098
Sobel Y,512,512,32,0.6386699676513672,0.13356733322143555,0.18054628372192383,0.013746261596679688,361,0.011450752134556976,29.459765952808297,0.5051026344299316,0.20913357443847488,0.7908664255615251
Gaussian,512,512,32,0.6395058631896973,0.13361787796020508,0.18224096298217773,0.013751506805419922,361,0.011377625469656061,29.679283535437364,0.5058879852294922,0.20893925396360263,0.7910607460363973
Sobel X,512,512,64,0.14967775344848633,0.030286788940429688,0.04260587692260742,0.005086421966552734,81,0.052134935982185236,125.66727302267941,0.11939096450805664,0.20234662962691582,0.7976533703730841
Sobel Y,512,512,64,0.14935779571533203,0.030101776123046875,0.04290962219238281,0.004797458648681641,81,0.04896464533595551,125.97312164379713,0.11925601959228516,0.20154137906814887,0.7984586209318512
Gaussian,512,512,64,0.14948034286499023,0.030263900756835938,0.04314231872558594,0.004801750183105469,81,0.04867568576286433,126.9737242529898,0.1192164421081543,0.2024607394978356,0.7975392605021644
Sobel X,512,512,128,0.05085420608520508,0.01133108139038086,0.014438152313232422,0.002742767333984375,25,0.15344728970735777,369.87294770696394,0.03952312469482422,0.22281502873913492,0.777184971260865
Sobel Y,512,512,128,0.050945281982421875,0.011426448822021484,0.01428079605102539,0.0029392242431640625,25,0.1435511044552602,369.31914077124674,0.03951883316040039,0.22428865593410707,0.7757113440658929
Gaussian,512,512,128,0.05131053924560547,0.011395931243896484,0.014734268188476562,0.002749919891357422,25,0.14180436035165325,369.90599037228407,0.039914608001708984,0.22209728082077207,0.7779027191792279
Sobel X,512,512,256,0.023869037628173828,0.006033420562744141,0.006397247314453125,0.0021696090698242188,9,0.3269273028747228,788.0332421040015,0.017835617065429688,0.2527718401022834,0.7472281598977166
Sobel Y,512,512,256,0.023868083953857422,0.006016731262207031,0.006329536437988281,0.0022897720336914062,9,0.30640295674757767,788.29401658176,0.01785135269165039,0.2520827090200779,0.7479172909799221
Gaussian,512,512,256,0.023850440979003906,0.005943775177001953,0.0064105987548828125,0.0021715164184570312,9,0.30507017473709463,795.7955935863089,0.017906665802001953,0.24921028429765285,0.7507897157023472
Sobel X,1024,1024,64,0.6021261215209961,0.12142038345336914,0.17127037048339844,0.020140647888183594,324,,,0.48070573806762695,0.20165274203128095,0.7983472579687191
Sobel Y,1024,1024,64,0.6021513938903809,0.12116098403930664,0.17290687561035156,0.019780635833740234,324,,,0.4809904098510742,0.20121349094039212,0.7987865090596079
Gaussian,1024,1024,64,0.5994873046875,0.1206655502319336,0.17156696319580078,0.020395755767822266,324,,,0.4788217544555664,0.20128124363673386,0.7987187563632662
Sobel X,1024,1024,128,0.1671614646911621,0.038669586181640625,0.047245025634765625,0.010463714599609375,81,,,0.12849187850952148,0.23133074511571386,0.7686692548842862
Sobel Y,1024,1024,128,0.16736459732055664,0.038379669189453125,0.047406673431396484,0.01042795181274414,81,,,0.12898492813110352,0.22931772790600274,0.7706822720939972
Gaussian,1024,1024,128,0.16694307327270508,0.038616180419921875,0.047263145446777344,0.010422229766845703,81,,,0.1283268928527832,0.23131346310392598,0.768686536896074
Sobel X,1024,1024,256,0.07401132583618164,0.020133018493652344,0.01981353759765625,0.008385658264160156,25,,,0.0538783073425293,0.27202618337381534,0.7279738166261847
Sobel Y,1024,1024,256,0.07417964935302734,0.019910812377929688,0.020007610321044922,0.00855112075805664,25,,,0.054268836975097656,0.26841340652841883,0.7315865934715812
Gaussian,1024,1024,256,0.07415151596069336,0.020030975341796875,0.020166397094726562,0.00826263427734375,25,,,0.054120540618896484,0.270135749516099,0.729864250483901
Sobel X,1024,1024,512,0.04693412780761719,0.014191627502441406,0.011420249938964844,0.008805274963378906,9,,,0.03274250030517578,0.30237330840817656,0.6976266915918234
Sobel Y,1024,1024,512,0.046783447265625,0.014127254486083984,0.011406898498535156,0.008613109588623047,9,,,0.032656192779541016,0.3019712165688193,0.6980287834311807
Gaussian,1024,1024,512,0.04714155197143555,0.014087200164794922,0.011929512023925781,0.00863504409790039,9,,,0.033054351806640625,0.2988276706148913,0.7011723293851087
Sobel X,2048,2048,128,0.6148366928100586,0.14213085174560547,0.1718144416809082,0.041655540466308594,289,,,0.4727058410644531,0.2311684605159275,0.7688315394840725
Sobel Y,2048,2048,128,0.6211767196655273,0.14277267456054688,0.17444849014282227,0.0418848991394043,289,,,0.47840404510498047,0.2298422816576623,0.7701577183423377
Gaussian,2048,2048,128,0.6151537895202637,0.1416926383972168,0.1744379997253418,0.040997982025146484,289,,,0.4734611511230469,0.23033693494389068,0.7696630650561093
Sobel X,2048,2048,256,0.26570749282836914,0.07335710525512695,0.07109546661376953,0.03274822235107422,81,,,0.1923503875732422,0.2760821852416152,0.7239178147583848
Sobel Y,2048,2048,256,0.2653474807739258,0.07324504852294922,0.07092761993408203,0.03278923034667969,81,,,0.19210243225097656,0.2760344598310074,0.7239655401689926
Gaussian,2048,2048,256,0.26494884490966797,0.07301616668701172,0.07122468948364258,0.03269243240356445,81,,,0.19193267822265625,0.2755859030519871,0.724414096948013
Sobel X,2048,2048,512,0.16057157516479492,0.05236625671386719,0.036873817443847656,0.03169393539428711,25,,,0.10820531845092773,0.32612407681822636,0.6738759231817736
Sobel Y,2048,2048,512,0.16132259368896484,0.052337646484375,0.03753232955932617,0.03178834915161133,25,,,0.10898494720458984,0.3244284962668259,0.6755715037331741
Gaussian,2048,2048,512,0.16112661361694336,0.05229663848876953,0.03761768341064453,0.03177499771118164,25,,,0.10882997512817383,0.32456859431737134,0.6754314056826286
Sobel X,4096,4096,128,2.453660488128662,0.5680069923400879,0.692720890045166,0.16276931762695312,1156,,,1.8856534957885742,0.2314937193178225,0.7685062806821775
Sobel Y,4096,4096,128,2.452396869659424,0.569526195526123,0.6887073516845703,0.16280508041381836,1156,,,1.8828706741333008,0.23223247532737876,0.7677675246726212
Gaussian,4096,4096,128,2.4449591636657715,0.5671300888061523,0.6912851333618164,0.16182565689086914,1156,,,1.8778290748596191,0.23195892071908636,0.7680410792809137
Sobel X,4096,4096,256,1.0001554489135742,0.2806282043457031,0.26347875595092773,0.12946557998657227,289,,,0.7195272445678711,0.28058458777636763,0.7194154122236324
Sobel Y,4096,4096,256,0.9997854232788086,0.2801198959350586,0.26265764236450195,0.1297607421875,289,,,0.71966552734375,0.28018001604424475,0.7198199839557553
Gaussian,4096,4096,256,0.9955530166625977,0.27986669540405273,0.2633814811706543,0.12952327728271484,289,,,0.7156863212585449,0.28111681720603154,0.7188831827939685
Sobel X,4096,4096,512,0.616511344909668,0.2025132179260254,0.1329488754272461,0.12677907943725586,81,,,0.4139981269836426,0.32848254877726196,0.671517451222738
Sobel Y,4096,4096,512,0.6027755737304688,0.20256805419921875,0.13235235214233398,0.12603187561035156,81,,,0.40020751953125,0.33605883023023275,0.6639411697697672
Gaussian,4096,4096,512,0.6029276847839355,0.20250368118286133,0.13258028030395508,0.1261911392211914,81,,,0.4004240036010742,0.33586727943240874,0.6641327205675913
Sobel X,8192,8192,128,9.555903911590576,2.2254114151000977,2.689629554748535,0.6429133415222168,4489,,,7.3304924964904785,0.23288340231224436,0.7671165976877556
Sobel Y,8192,8192,128,9.530286312103271,2.2174344062805176,2.6830239295959473,0.6429443359375,4489,,,7.312851905822754,0.23267238083544464,0.7673276191645554
Gaussian,8192,8192,128,9.552815914154053,2.2199392318725586,2.706969738006592,0.6428723335266113,4489,,,7.332876682281494,0.23238584851021332,0.7676141514897867
Sobel X,8192,8192,256,3.883528709411621,1.0952248573303223,1.0019898414611816,0.514554500579834,1089,,,2.788303852081299,0.28201796337338153,0.7179820366266184
Sobel Y,8192,8192,256,3.880378246307373,1.0952496528625488,1.0019745826721191,0.5139226913452148,1089,,,2.785128593444824,0.2822533225735932,0.7177466774264069
Gaussian,8192,8192,256,3.8816604614257812,1.0972461700439453,1.005251407623291,0.5138635635375977,1089,,,2.784414291381836,0.2826744330030642,0.7173255669969358
Sobel X,8192,8192,512,2.421938419342041,0.7971515655517578,0.500788688659668,0.5041646957397461,289,,,1.6247868537902832,0.32913783405290586,0.6708621659470941
Sobel Y,8192,8192,512,2.41861629486084,0.7973737716674805,0.5004262924194336,0.5029573440551758,289,,,1.6212425231933594,0.32968179920137314,0.6703182007986269
Gaussian,8192,8192,512,2.420924663543701,0.7980227470397949,0.5017919540405273,0.503117561340332,289,,,1.6229019165039062,0.32963551450282025,0.6703644854971798
